"Title","WorkoutType","WorkoutDescription","PlannedDuration","PlannedDistanceInMeters","WorkoutDay","CoachComments","DistanceInMeters","PowerAverage","PowerMax","Energy","AthleteComments","TimeTotalInHours","VelocityAverage","VelocityMax","CadenceAverage","CadenceMax","HeartRateAverage","HeartRateMax","TorqueAverage","TorqueMax","IF","TSS","HRZone1Minutes","HRZone2Minutes","HRZone3Minutes","HRZone4Minutes","HRZone5Minutes","HRZone6Minutes","HRZone7Minutes","HRZone8Minutes","HRZone9Minutes","HRZone10Minutes","PWRZone1Minutes","PWRZone2Minutes","PWRZone3Minutes","PWRZone4Minutes","PWRZone5Minutes","PWRZone6Minutes","PWRZone7Minutes","PWRZone8Minutes","PWRZone9Minutes","PWRZone10Minutes","Rpe","Feeling"
"Lap Swimming","Swim","","","","2026-01-01","","0","","","","","0","","","","","","","","","","","","","","","","","","","","","","","","","","","","","","","",""
"Pettit","Bike","Pettit is an hour of aerobic Endurance work spent between 60-70% FTP.","1","","2026-01-02","","","","","","","","","","","","","","","","","","","","","","","","","","","","","","","","","","","","","","",""
"Road Cycling","Bike","","","","2026-01-03","","25661.310546875","","","","","1.79742693901062","3.96600008010864","","","","125","166","","","0.724795685328525","106.13","49","29","8","8","4","7","3","","","","","","","","","","","","","","5","3"
"Lap Swimming","Swim","","","","2026-01-03","","0","","","","","0","","","","","","","","","","","","","","","","","","","","","","","","","","","","","","","",""
"מתגבר דופק Z1-Z2-Z2/3-Z5","Run","","1.33333333333333","","2026-01-04","","9780.0595703125","187","329","917.307","","1.36400806903839","1.99199998378754","","151","","124","156","","","0.60368830248752","55.49","32","35","10","4","0","0","0","","","","7","7","23","28","12","4","","","","","4","1"
"Cardio","Other","","","","2026-01-04","","0","","","","","0.911810278892517","0","","","","116","167","","","0.696156335477626","48.85","34","10","2","4","2","1","2","","","","","","","","","","","","","","",""
"שחייה - ערב","Swim","","1","","2026-01-05","","2150","","","","","0.838209726015727","0.710743801652893","","25","","135","177","","","0.856985451217521","52.76","8","16","9","10","2","4","2","","","","","","","","","","","","","","7","1"
"מנוחה","Day Off","","","","2026-01-06","","","","","","","","","","","","","","","","","","","","","","","","","","","","","","","","","","","","","","",""
"Running","Run","","","","2026-01-06","","2625.8798828125","247","477","238.912","","0.2688327729702","2.71300005912781","","158","","147","174","","","0.931573817720696","25.02","1","2","1","5","4","3","2","","","","2","2","0","0","3","10","","","","","8","1"
"Running","Run","","","","2026-01-06","","5016.14990234375","297","419","451.095","","0.422197788953781","3.29999995231628","","170","","173","179","","","1.1253269226817","57.97","0","0","0","0","0","0","24","","","","1","0","0","0","1","23","","","","","8","1"
"רצף קל + מתגברות על קצב","Run","","1.33333333333333","","2026-01-07","","8328.7998046875","184","484","746.989","","1.1246155500412","2.05699992179871","","143","","135","178","","","0.683099435008712","58.31","14","22","7","3","2","4","15","","","","16","1","5","22","5","18","","","","","4","1"
"רכיבה בסמי עופר מ6-7:30","Bike","","1.5","","2026-01-08","","30133.2109375","","","","","1.38876247406006","6.02699995040894","","","","144","171","","","0.887602387283305","122.16","5","16","14","17","8","13","10","","","","","","","","","","","","","","5","1"
"שחייה - ערב","Swim","","1","","2026-01-08","","2300","","","","","0.941821113162571","0.677666470241603","","24","","131","158","","","0.814025780428995","50.8","45","11","1","0","0","0","0","","","","","","","","","","","","","","6","1"
"Centennial -4 + 30M Z2","Bike","Productive • Threshold 1.8 בטריינר זה עובדים על 6 אינטרוולים שנעים בין 4-6 דקות ב95 אחוז מהסח""ח. התאוששות פעילה בין כל אינטרוול של 2-3 דקות.","1.5","","2026-01-09","","44029.9609375","131","247","728.775","","1.53476142883301","7.96999979019165","","50","","","","","","0.685931964343677","71.96","","","","","","","","","","","39","28","9","0","16","0","","","","","",""
"Brick","Run","","0.5","","2026-01-09","","4044.7900390625","220","321","395.55","","0.500293910503387","2.24600005149841","","164","","135","153","","","0.622029747886266","21.08","26","4","0","0","0","0","0","","","","1","0","14","10","2","3","","","","","8","1"
"Townsend","Bike","תיאור: 90 דקות רכיבה אירובית בעצימות של 60-70% מה-FTP. מטרות: שיפור ניצול שומנים ושימור מאגרי סוכר שיפור אספקת החמצן לשרירים וניצולו הגברת עמידות השרירים לעייפות חיזוק רקמות החיבור","1.5","","2026-01-10","","42937.62890625","128","255","694.006","","1.50384247303009","7.93200016021729","","61","","","","","","0.6188040610033","57.47","","","","","","","","","","","25","64","0","0","2","0","","","","","",""
"Z2 - לפי דופק","Run","","1.33333333333333","","2026-01-11","","6762.56005859375","200","384","646.594","","0.897910833358765","2.09200000762939","","156","","129","156","","","0.614961043697459","37.51","46","7","0","0","0","0","0","","","","3","7","15","12","11","6","","","","","5","5"
"Running","Run","","","","2026-01-11","","5474.740234375","153","513","462.336","","0.839916110038757","1.81099998950958","","103","","145","180","","","0.736643959196133","50.26","21","8","9","7","3","2","0","","","","23","3","2","3","4","14","","","","","6","5"
"Road Cycling","Bike","","","","2026-01-11","","358.269989013672","56","162","6.338","","0.0312986113131046","3.1800000667572","","48","","99","127","","","0.448425480023023","0.49","2","0","0","0","0","0","0","","","","1","1","0","0","0","0","","","","","1","5"
"Indoor Cycling","Bike","","","","2026-01-11","","152.440002441406","28","55","2.097","","0.0205577779561281","2.05999994277954","","29","","83","108","","","0.224785094390661","0.06","1","0","0","0","0","0","0","","","","1","0","0","0","0","0","","","","","1","5"
"שחייה - ערב","Swim","","1","","2026-01-12","","1850","","","","","0.676591945754157","0.755102040816326","","27","","135","172","","","0.911430693989868","51.23","25","7","5","3","0","0","0","","","","","","","","","","","","","","9","3"
"מנוחה","Day Off","","","","2026-01-13","","","","","","","","","","","","","","","","","","","","","","","","","","","","","","","","","","","","","","",""
"TEMPO Z3 10K","Run","","1.28138888888889","","2026-01-14","","13104.25","262","439","1228.243","","1.30221080780029","2.79500007629395","","169","","154","177","","","0.769441912392036","85.95","16","7","25","29","1","0","0","","","","1","0","8","19","1","49","","","","","6","1"
"רכיבה בסמי עופר מ6-7:30","Bike","","1.5","","2026-01-15","","25097.990234375","","","","","1.1959502696991","5.8289999961853","","","","141","174","","","0.699579211349999","65.11","38","8","12","14","0","0","0","","","","","","","","","","","","","","4","1"
"סימולציה","Brick","40 דק שחייה 2 שעות רכיבה 40 דקות ריצה","","","2026-01-16","","","","","","","","","","","","","","","","0.85","240.8","","","","","","","","","","","","","","","","","","","","","",""
"Lap Swimming","Swim","","","","2026-01-16","","1150","","","","","0.600128053029378","0.532293804350463","","28","","156","163","","","0.24994665595587","34","2","1","32","2","0","0","0","","","","","","","","","","","","","","4","5"
"Road Cycling","Bike","","","","2026-01-16","","69902.6484375","","","","","3.42453813552856","5.67000007629395","","","","148","164","","","0.724081285913928","205.11","39","75","89","3","0","0","0","","","","","","","","","","","","","","5","1"
"Running","Run","","","","2026-01-16","","6444.18017578125","231","288","582.036","","0.700118064880371","2.55699992179871","","166","","148","157","","","0.723389829484974","40.22","4","31","7","0","0","0","0","","","","1","0","6","30","0","4","","","","","3","1"
"רכיבת נפח","Bike","","4","","2026-01-17","","40766.33984375","","","","","2.37045073509216","4.77699995040894","","","","144","173","","","0.700642499593904","131.69","41","61","36","4","0","0","0","","","","","","","","","","","","","","4","1"
"","Run","","","","2026-01-18","","5040.31005859375","137","373","461.942","","0.935109436511993","1.49699997901917","","110","","125","179","","","0.655863580344036","44.49","46","2","1","1","5","1","0","","","","23","4","8","5","6","10","","","","","4","5"
"Cardio","Other","","","","2026-01-18","","0","","","","","0.814042747020721","0","","","","111","177","","","0.616031984336552","34.04","39","4","4","1","0","0","0","","","","","","","","","","","","","","",""
"Z2 - לפי דופק","Run","","1.33333333333333","","2026-01-18","","","","","","","","","","","","","","","","","","","","","","","","","","","","","","","","","","","","","","",""
"שחייה - ערב","Swim","","1","","2026-01-19","","2200","","","","","0.79480388853285","0.763093999306278","","25","","137","164","","","0.92265946847217","62.43","27","16","5","0","0","0","0","","","","","","","","","","","","","","4","1"
"מנוחה","Day Off","","","","2026-01-20","","","","","","","","","","","","","","","","","","","","","","","","","","","","","","","","","","","","","","",""
"2X3Z3","Run","","1.29277777777778","","2026-01-21","","6306.56982421875","204","450","578.896","","0.788632750511169","2.22099995613098","","141","","135","169","","","0.658712536714419","37.68","26","16","5","0","0","0","0","","","","9","2","10","10","3","14","","","","","1","5"
"Echo -5","Bike","Achievable • Endurance 4.2 בטריינר זה המיקוד הוא על עבודה אירובית שנעה בחלקים של 6 דקות. כל העבודה היא על 65-75 אחוז מהסחח.","1","","2026-01-22","","18055.419921875","147","236","528.895","","1","5.01399993896484","","64","","0","0","","","0.706098358746211","49.46","","","","","","","","","","","5","40","0","0","14","0","","","","","",""
"Workout","Other","","","","2026-01-22","","0","","","","","0.959465265274048","0","","","","109","170","","","0.606790723472765","39.08","49","4","1","3","0","0","0","","","","","","","","","","","","","","",""
"Lap Swimming","Swim","","","","2026-01-22","","2400","","","","","0.877399169603984","0.758773316471704","","25","","135","158","","","0.911785681722359","66.51","34","15","4","0","0","0","0","","","","","","","","","","","","","","3","1"
"Pettit","Bike","Pettit Achievable • Endurance 2.8 פטיט זה טריינר של שעה אירובית הנעה בסח""ח בין 60 ל70 אחוז.","0.999833335876465","","2026-01-23","","9009.8896484375","126","178","189.059","","0.419166654348373","6.02699995040894","","64","","0","0","","","0.600171949198852","14.56","","","","","","","","","","","6","19","0","0","0","0","","","","","",""
"Brick","Run","","0.5","","2026-01-23","","5967.39990234375","231","327","548.586","","0.658413648605347","2.51799988746643","","165","","139","151","","","0.643083743716783","29.85","20","19","0","0","0","0","0","","","","1","0","7","24","1","6","","","","","2","7"
"רכיבת נפח עצמאית","Bike","","3","","2026-01-24","","41401.609375","","","","","2.16957378387451","5.30100011825562","","","","143","171","","","0.70074076326442","120.32","43","46","35","6","0","0","0","","","","","","","","","","","","","","3","1"
"Z2 - לפי דופק","Run","","1.33333333333333","","2026-01-25","","11804.669921875","229","485","1101.832","","1.33404469490051","2.45799994468689","","165","","138","161","","","0.647762043399615","62.44","42","34","3","0","0","0","0","","","","2","2","22","30","5","19","","","","","2","1"
"Cardio","Other","","","","2026-01-25","","0","","","","","0.800671637058258","0","","","","117","170","","","0.636103563619017","35.68","37","3","6","2","0","0","0","","","","","","","","","","","","","","",""
"שחייה - ערב","Swim","","1","","2026-01-26","","2100","","","","","0.779511668417189","0.745738636363636","","25","","133","165","","","0.897998103635012","56.45","33","12","2","0","0","0","0","","","","","","","","","","","","","","5","1"
"מנוחהה","Day Off","","","","2026-01-27","","","","","","","","","","","","","","","","","","","","","","","","","","","","","","","","","","","","","","",""
"מתפתח 1","Run","","1.5","","2026-01-28","","13789.9404296875","235","398","1287.684","","1.52507746219635","2.51200008392334","","165","","141","174","","","0.663006582844865","75.05","54","22","13","3","0","0","0","","","","2","1","32","29","3","24","","","","","3","1"
"רכיבה בסמי עופר מ6-7:30","Bike","","1.5","","2026-01-29","","","","","","","","","","","","","","","","","","","","","","","","","","","","","","","","","","","","","","",""
"Leavitt -4","Bike","Productive • Tempo 2.4 עבודת טמפו רצופה של 50 דקות שמחולק לקטעים של כ7 דקות בעצימות בין 70 ל80 אחוז מהסחח.","1","","2026-01-29","","17566.560546875","135","241","302.467","","0.61916309595108","7.88299989700317","","62","","","","","","0.661194161865388","26.75","","","","","","","","","","","7","26","0","0","5","0","","","","","",""
"Cardio","Other","","","","2026-01-29","","0","","","","","0.739171981811523","0","","","","103","157","","","0.589383647141738","28.23","41","3","1","0","0","0","0","","","","","","","","","","","","","","",""
"Lap Swimming","Swim","","","","2026-01-29","","1975","","","","","0.656865002844069","0.83438952260245","","26","","142","171","","","1.00223536112125","66.13","13","14","7","6","0","0","0","","","","","","","","","","","","","","3","1"
"Ericsson","Bike","TrainerRoad - Ericsson Achievable • Sweet Spot 2.8 אריקסון זה טריינר מרווחי ספין אפ של 8 דקות כפול 4 סטים, מגיעים ל88-94 אחוז סח""ח.","1","","2026-01-30","","16894.169921875","137","249","493.323","","1","4.69199991226196","","65","","0","0","","","0.70584675291471","49.44","","","","","","","","","","","25","9","1","0","25","0","","","","","",""
"Brick","Run","","0.5","","2026-01-30","","4519.3798828125","235","327","429.762","","0.508562803268433","2.46799993515015","","168","","140","149","","","0.653977499711949","23.68","13","18","0","0","0","0","0","","","","0","0","10","13","1","6","","","","","3","1"
"endurance LSD","Swim","400 wu 4X50 drills 400 Z3 30 sec rest 600 Z2 pace 30 sec rest 200 Z3 30 sec rest 800 Z2 pace 30 sec rest 500 recovery with paddles and buoy","1","3000","2026-01-30","","3100","","","","","1.20828055911594","0.711988975654571","","26","","136","166","","","0.647808174073714","56.49","40","32","0","0","0","0","0","","","","","","","","","","","","","","3","1"
"רכיבת נפח","Bike","","3.25","","2026-01-31","","33024.0390625","","","","","1.72334396839142","5.32299995422363","","","","148","172","","","0.728431328193385","102.65","29","26","33","16","0","0","0","","","","","","","","","","","","","","2","1"
"Z2 - לפי דופק","Run","","1.33333333333333","","2026-02-01","","12528.83984375","230","419","1143.699","","1.38244915008545","2.51699995994568","","162","","136","155","","","0.638982729245007","63.03","44","39","1","0","0","0","0","","","","4","0","14","44","3","18","","","","","1","1"
"שחייה - ערב","Swim","","1","","2026-02-01","","2000","","","","","0.734216669400533","0.755001887504719","","24","","124","158","","","0.907997181827785","54.96","38","6","0","0","0","0","0","","","","","","","","","","","","","","2","7"
"Cardio","Other","","","","2026-02-01","","0","","","","","0.916243076324463","0","","","","103","158","","","0.582699088458914","34.39","49","6","1","0","0","0","0","","","","","","","","","","","","","","",""
"שחייה - ערב","Swim","","1","","2026-02-02","","2200","","","","","0.814192224608527","0.746775288526816","","24","","126","151","","","0.900688205031592","59.49","41","8","0","0","0","0","0","","","","","","","","","","","","","","2","1"
"מתפתח 2","Run","","1.5","","2026-02-03","","14084.0703125","244","446","1318.703","","1.50044369697571","2.60700011253357","","165","","144","171","","","0.685619735752171","78.94","42","24","17","7","0","0","0","","","","2","1","1","1","2","84","","","","","3","1"
"Treadmill Running","Run","","","","2026-02-03","","1780","199","451","147.168","","0.205412492156029","2.40700006484985","","133","","139","177","","","0.734021967839636","11.78","6","1","1","3","1","0","0","","","","4","1","0","0","0","7","","","","","1","5"
"רכיבה בסמי עופר מ6-7:30","Bike","","1.5","","2026-02-05","","25056.44921875","","","","","1.16126501560211","5.99399995803833","","","","140","171","","","0.676353778046876","59.08","38","16","11","5","0","0","0","","","","","","","","","","","","","","2","1"
"Cardio","Other","","","","2026-02-05","","0","","","","","0.894152224063873","0","","","","110","179","","","0.61353109166169","37.17","45","3","1","5","0","0","0","","","","","","","","","","","","","","",""
"ריצת נפח + 4טמפו","Run","","1.90805555555556","19000","2026-02-06","","19012.400390625","248","378","1743.009","","1.95338213443756","2.7039999961853","","169","","148","168","","","0.712199686670196","111.61","30","41","37","9","0","0","0","","","","2","0","0","0","0","115","","","","","2","1"
"רכיבת נפח","Bike","","3.25","","2026-02-07","","84404.6171875","","","","","3.34248089790344","7.01399993896484","","","","155","173","","","0.766604267358841","224.25","20","49","65","67","0","0","0","","","","","","","","","","","","","","3","1"
"Run z2 80min","Run","","1.33333333333333","","2026-02-08","","12637.51953125","242","392","1161.126","","1.33383941650391","2.63199996948242","","171","","142","158","","","0.682117473927836","69.25","23","54","3","0","0","0","0","","","","1","0","0","0","0","79","","","","","2","1"
"שחייה - ערב","Swim","","1","","2026-02-09","","2300","","","","","0.830819167561001","0.765645805592543","","25","","130","155","","","0.922784038453681","65.28","34","16","0","0","0","0","0","","","","","","","","","","","","","","1","1"
"TEMPO Z3 4K +6MIN REST","Run","","1.03777777777778","","2026-02-10","","9778.91015625","241","360","895.713","","1.03212869167328","2.63199996948242","","168","","136","164","","","0.668080548848598","51.06","41","3","17","1","0","0","0","","","","1","0","0","0","1","60","","","","","2","1"
"מנוחהה","Day Off","","","","2026-02-11","","","","","","","","","","","","","","","","","","","","","","","","","","","","","","","","","","","","","","",""
"רכיבה בסמי עופר מ6-7:30","Bike","","1.5","","2026-02-12","","25674.689453125","","","","","1.1727283000946","6.08099985122681","","","","140","175","","","0.692122125070772","62.47","32","18","15","6","0","0","0","","","","","","","","","","","","","","2","1"
"שחייה - ערב","Swim","","1","","2026-02-12","","2300","","","","","0.868751390245226","0.733886407147415","","24","","135","170","","","0.88249259255891","59.71","34","13","5","0","0","0","0","","","","","","","","","","","","","","2","1"
"Cardio","Other","","","","2026-02-12","","0","","","","","0.69579029083252","0","","","","121","166","","","0.626755359280331","30.01","31","8","3","0","0","0","0","","","","","","","","","","","","","","",""
"רצף קל + טמפו 20 דק","Run","","1.66666666666667","","2026-02-13","","15782.48046875","245","371","1469.756","","1.66881704330444","2.62700009346008","","170","","142","163","","","0.659953332323551","81.56","56","24","19","1","0","0","0","","","","1","0","0","0","0","99","","","","","1","1"
"רכיבת נפח","Bike","","3.25","","2026-02-14","","","","","","","","","","","","","","","","","","","","","","","","","","","","","","","","","","","","","","",""
"Beehive","Bike","","2.00016666412353","","2026-02-14","","52070.078125","99","167","718.354","","2.00634503364563","7.20900011062622","","63","","131","144","","","0.701530290285823","98.03","118","2","0","0","0","0","0","","","","6","105","10","0","0","0","","","","","",""
"mobility & streching","Other","","","","2026-02-14","","0","","","","","0.925410568714142","0","","1","","78","124","","","0.534942488456547","29.28","56","0","0","0","0","0","0","","","","","","","","","","","","","","",""
"שחייה - ערב","Swim","","1","","2026-02-15","","2550","","","","","0.927835559315152","0.762331838565022","","24","","131","167","","","0.916110609758691","71.34","41","12","2","1","0","0","0","","","","","","","","","","","","","","1","1"
"Run z2 70min","Run","","1.16666666666667","","2026-02-15","","12032.1103515625","240","603","1114.767","","1.29136216640472","2.58800005912781","","169","","141","160","","","0.679021489398674","66.35","29","45","3","0","0","0","0","","","","1","0","0","0","1","75","","","","","1","1"
"Cardio","Other","","","","2026-02-15","","0","","","","","0.892228066921234","0","","","","102","173","","","0.583027292229781","33.5","47","6","1","0","0","0","0","","","","","","","","","","","","","","",""
"שחייה - ערב","Swim","","1","","2026-02-16","","2025","","","","","0.729216944906447","0.763862693323274","","24","","124","169","","","0.925650459324691","57.84","36","5","2","0","0","0","0","","","","","","","","","","","","","","1","1"
"מתפתח 3","Run","","1.5","","2026-02-17","","14038.6904296875","224","478","1225.389","","1.5167533159256","2.57100009918213","","167","","142","170","","","0.688061352639056","80.39","43","21","21","6","0","0","0","","","","1","1","0","0","2","87","","","","","2","1"
"מנוחהה","Day Off","","","","2026-02-17","","","","","","","","","","","","","","","","","","","","","","","","","","","","","","","","","","","","","","",""
"רכיבה בסמי עופר מ6-7:30","Bike","","1.5","","2026-02-19","","28716.05078125","","","","","1.27906966209412","6.23600006103516","","","","139","190","","","0.677576135439468","65.43","43","18","11","4","1","0","1","","","","","","","","","","","","","","1","1"
"Cardio","Other","","","","2026-02-19","","0","","","","","0.843359172344208","0","","","","112","174","","","0.616341650168612","35.34","39","6","4","2","0","0","0","","","","","","","","","","","","","","",""
"Glassy","Bike","Stretch • Sweet Spot 4.7 בטריינר זה עבודה של 4 סטים על 15 דקות שנע בין 75 ל90 אחוז מהסחח. שתי דקות התאוששות פעילה בין לבין.","1.33333333333333","","2026-02-20","","35511.46875","106","194","513.775","","1.33400523662567","7.39499998092651","","71","","133","148","","","0.776884963594549","79.95","58","22","0","0","0","0","0","","","","13","19","45","3","0","0","","","","","",""
"ריצה אחרי טריינר","Run","","0.75","","2026-02-20","","7611.43994140625","254","341","687.449","","0.75070995092392","2.81599998474121","","175","","146","158","","","0.700750503919244","40.54","3","39","4","0","0","0","0","","","","0","0","0","0","0","45","","","","","1","1"
"רכיבת נפח","Bike","","3.25","","2026-02-21","","78329.921875","","","","","3.17650198936462","6.84999990463257","","","","141","165","","","0.673405015666396","164.26","82","71","35","3","0","0","0","","","","","","","","","","","","","","3","1"
"שחייה - ערב","Swim","","1","","2026-02-22","","2150","","","","","0.776052224371168","0.769564474486429","","26","","132","158","","","0.923477369383714","61.12","30","16","1","0","0","0","0","","","","","","","","","","","","","","3","1"
"Run z2 70min","Run","","1.16666666666667","","2026-02-22","","11190.0400390625","241","356","1014.152","","1.16681885719299","2.66400003433228","","170","","142","160","","","0.688503769367617","61.5","23","40","7","0","0","0","0","","","","0","0","0","0","0","69","","","","","2","1"
"Strenght workout","Other","","","","2026-02-22","","0","","","","","0.82499748468399","0","","","","115","170","","","0.616227604492869","34.54","41","4","3","1","0","0","0","","","","","","","","","","","","","","",""
"שחייה - ערב","Swim","","1","","2026-02-23","","2325","","","","","0.827745836046007","0.778633623576691","","25","","121","167","","","0.936277739193513","67.94","43","3","4","0","0","0","0","","","","","","","","","","","","","","2","1"
"מנוחהה","Day Off","","","","2026-02-24","","","","","","","","","","","","","","","","","","","","","","","","","","","","","","","","","","","","","","",""
"Easy 30min Z1-2 + 4x 30 sec Speed runs(Z5)","Run","","0.516666666666667","","2026-02-25","","","","","","","","","","","","","","","","","","","","","","","","","","","","","","","","","","","","","","",""
"שינויי קצב (Z1+Z5)","Run","","1.03333333333333","","2026-02-25","","9076.9697265625","228","505","851.102","","1.03519523143768","2.43600010871887","","165","","137","177","","","0.653530582690806","49.01","47","5","3","5","2","0","0","","","","1","0","0","0","3","57","","","","","2","1"
"מנוחהה","Day Off","","","","2026-02-26","","","","","","","","","","","","","","","","","","","","","","","","","","","","","","","","","","","","","","",""
"21K","Run","","1.86138888888889","21100","2026-02-27","","21315.619140625","300","496","1945.887","","1.80025637149811","3.28900003433228","","178","","166","181","","","0.844118622053731","144.18","0","0","15","86","5","2","0","","","","0","0","0","0","0","108","","","","","3","1"
"חימום","Run","","0.333333333333333","","2026-02-27","","1294.27001953125","189","359","127.707","","0.187185272574425","1.9210000038147","","150","","142","166","","","0.709012267991102","10","5","4","2","1","0","0","0","","","","2","0","0","0","0","8","","","","","1","5"
"רכיבת נפח","Bike","","3.25","","2026-02-28","","34425.80859375","","","","","1.34473550319672","7.11100006103516","","","","142","161","","","0.67014034921519","67.38","32","42","6","0","0","0","0","","","","","","","","","","","","","","1","5"
"Townsend","Bike","DescriptionTownsend consists of 90 minutes of aerobic Endurance riding spent between 60-70% FTP.GoalsAs with all aerobic endurance workouts this workouts goals are to condition your working muscles to utilize fat and preserve sugar stores to improve oxygen delivery to the muscles as well as enhance O2 utilization by those very muscles to increase muscular resistance to fatigue and to improve the integrity of your connective tissues. https://app.trainerday.com/workouts/townsend-18","1.5","","2026-02-28","","37011.28125","87","286","474.746","","1.50239312648773","6.84299993515015","","71","","125","138","","","0.624873479352642","58.14","90","0","0","0","0","0","0","","","","21","68","1","0","0","0","","","","","",""
"Pettit +1","Bike","Achievable • Endurance 4.0 פטיט זה טריינר של שעה אירובית הנעה בסח""ח בין 60 ל70 אחוז. בנוסף שילוב של מספר קטעים קצרים של ספרינטים בסוף.","1","","2026-03-01","","17988.640625","99","174","357.519","","1","4.99499988555908","","84","","138","156","","","0.64180960729407","40.7","39","18","3","0","0","0","0","","","","5","39","15","1","0","0","","","","","",""
"Z2 - לפי דופק","Run","","1.33333333333333","","2026-03-02","","12564.669921875","246","391","1179.129","","1.33326995372772","2.61800003051758","","167","","135","152","","","0.628262580204435","58.72","51","29","0","0","0","0","0","","","","2","0","0","0","0","78","","","","","3","1"
"Beech","Bike","Achievable • Endurance 4.1 בטריינר זה 60 דקות של עבודה אירובית שנעה בין 65 ל75 אחוז מהסחח.","1.00016666412354","","2026-03-03","","16808.779296875","106","183","379.923","","1.00027775764465","4.66699981689453","","78","","140","158","","","0.620539943767988","38.08","22","37","1","0","0","0","0","","","","4","30","25","1","0","0","","","","","",""
"Strength","Strength","","","","2026-03-03","","0","","","","","0.726154744625092","0","","","","96","141","","","0.571638127766827","26.08","44","0","0","0","0","0","0","","","","","","","","","","","","","","",""
"Running","Run","","","","2026-03-03","","6102.60986328125","209","366","589.66","","0.783982217311859","2.16199994087219","","154","","124","155","","","0.620331601219445","33.21","40","7","0","0","0","0","0","","","","2","0","0","1","6","37","","","","","3","1"
"Z2 - לפי דופק","Run","","1.33333333333333","","2026-03-04","","10369.66015625","213","1403","968.688","","1.26395118236542","2.27900004386902","","162","","121","141","","","0.597247971593938","50.21","76","0","0","0","0","0","0","","","","1","1","1","1","4","69","","","","","4","9"
"Abraham","Bike","Productive • Threshold 2.0 אברהם זה טריינר שעובד על 3 סטים של 4 דקות ב105 מהסחח. התאוששות פעילה של 4 דקות.","1","","2026-03-05","","","","","","","","","","","","","","","","","","","","","","","","","","","","","","","","","","","","","","",""
"Active Mobility + Core Stability","Strength","Warm-Up (חימום – 5 דקות) ריצה קלה או חבל קפיצה (אם יש), תנועות דינמיות של ירכיים ופיתולי גוף. 3 סבבים בקצב איטי : Bird dog (בירד דוג – יישור יד ורגל נגדית על שש) https://youtube.com/shorts/mJ9JPdjYmGI?si=kjoPzj5W8UqQx3ec Side plank with leg lift (פלאנק צד עם הרמת רגל) https://youtu.be/cngmwRRKKdk?si=egR5qkUSAneY03kw Glute bridge march (גשר ישבן עם הרמת רגל לסירוגין) https://youtu.be/msfdrPWJ-9o?si=n0i5ESKMbP3wMfdS Dead bug (חרק מת – שכיבה על הגב עם הורדת יד ורגל נגדית) https://youtube.com/shorts/DqLL45uk2Tk?si=F1L3Hl_2cEud_mZs World's Greatest Stretch (מתיחת הלנג' הגדולה בעולם) https://youtube.com/shorts/OCXMbIzYJTQ?si=LgZ0_-5eB4CK3F-b","0.583333333333333","","2026-03-05","","","","","","","0.583333333333333","","","","","","","","","0.74","31.9","","","","","","","","","","","","","","","","","","","","","0","1"
"Cycling","Bike","","","","2026-03-05","","25471.26953125","","","","","1.23317170143127","5.73799991607666","","","","136","171","","","0.679999460315237","63.49","44","8","13","9","0","0","0","","","","","","","","","","","","","","1","1"
"Road Cycling","Bike","","","","2026-03-06","","66627.78125","","","","","3.23289775848389","5.72499990463257","","","","146","168","","","0.704622237712935","183.11","56","72","56","10","0","0","0","","","","","","","","","","","","","","3","1"
"TR_Hawk Mountain","Bike","Hawk Mountain is 2 hours of Tempo intervals spent between 70-80% FTP with brief intermittent 1- to 3-minute recoveries.Optional drills include form sprints endurance- spinning intervals some single-leg focus drills and some random pedalstroke work.GoalsHawk Mountains primary aim is to continue building aerobic power while preparing you to branch into harder efforts that will target muscular endurance.Try to keep your cadence above 85rpm unless instructed otherwise.The optional form drills target improvements in pedaling mechanics by focusing on the top bottom quadrants of your pedalstroke improvements in leg speed pedal economy and improvement in the application of power throughout each legs entire pedalstrokeForm Sprints: Practice high-rpm sprint simulations at low power outputs to reinforce proper sprinting technique by jumping out-of-the-saddle and winding up a light gear.As your cadence reaches its controllable peak gracefully transition into the saddle where you can shift gears if necessary.These sprints are only 10 seconds long and are all about leg speed form and technique so experiment with which foot leads and learn how to generate a lot of leg speed in very little time.Endurance Spinning: Practice spinning slightly quicker than your natural self-selected cadence.Ride at a cadence thats at the very top of your comfortable rpm range and remain there extended durations.The goal is to learn to turn the pedals more quickly with less forcemuscle stress thereby improving your ability to remain predominantly aerobic over a wide rpm range.If your HR rises more than a few bpm youre pedaling too quickly - take it easy and stay relaxed but quick.Single-Leg Focus: The objective here is to learn to apply power more effectively through the entire pedalstroke by focusing strictly on one legs activity through the bottom upstroke and over the top of the pedalstroke.For short durations devote your attention to one leg befo https://app.trainerday.com/workouts/tr_hawk-mountain","2","","2026-03-07","","","","","","","","","","","","","","","","","","","","","","","","","","","","","","","","","","","","","","",""
"Easy (Z1-2)","Run","","1.5","","2026-03-07","","14114.3896484375","246","393","1331.264","","1.50001215934753","2.61400008201599","","169","","143","152","","","0.658735862473568","72.84","24","66","0","0","0","0","0","","","","0","0","0","0","0","90","","","","","2","1"
"White -4","Bike","Achievable • Tempo 2.8 טריינר זה עובד על 50 דקות אירוביות בעבודה בין 65 ל75 אחוז מהסחח.","1","","2026-03-08","","17040.140625","112","171","402.396","","1","4.73199987411499","","80","","147","165","","","0.726161846905242","52.43","10","28","21","1","0","0","0","","","","6","11","39","3","0","0","","","","","",""
"Strength","Strength","","","","2026-03-08","","0","","","","","0.862413048744202","0","","","","110","172","","","0.619499868342815","36.53","39","6","5","2","0","0","0","","","","","","","","","","","","","","",""
"Z2 40Min + strides*10 + 5Min z1","Run","strides are controlled 20–30 second accelerations (about 50–100 meters) reaching 85-95% of maximum effort","1.34444444444444","","2026-03-09","","16146.849609375","226","519","1176.17","","1.44446384906769","3.10500001907349","","165","","143","178","","","0.67725541442253","74.07","31","44","6","4","1","0","0","","","","3","2","1","1","2","79","","","","","1","1"
"GEIGER +1 + 13M","Bike","","1.5","","2026-03-10","","24272.44921875","125","211","676.173","","1.5","4.49399995803833","","77","","150","164","","","0.750386578103427","84.13","15","26","47","1","0","0","0","","","","0","27","13","46","4","0","","","","","",""
"Lap Swimming","Swim","","","","2026-03-10","","2425","","","","","0.879426113234626","0.764260951780649","","26","","126","160","","","0.91916003080713","68.29","39","12","2","0","0","0","0","","","","","","","","","","","","","","1","1"
"Strength","Strength","","","","2026-03-11","","0","","","","","0.352155834436417","0","","","","113","142","","","0.599562334019399","13.66","21","0","0","0","0","0","0","","","","","","","","","","","","","","",""
"ERICSSON + 30M","Bike","","1.5","","2026-03-12","","24206.25","115","207","620.693","","1.5","4.48199987411499","","77","","138","159","","","0.712045296772707","75.53","50","32","9","0","0","0","0","","","","2","47","5","32","4","0","","","","","2","1"
"Z2 - לפי דופק + Z5short fast runs30/30","Run","","1.33333333333333","","2026-03-12","","11282.9501953125","214","525","1027.076","","1.33369362354279","2.34999990463257","","157","","144","178","","","0.690139796167964","70.87","38","22","5","11","3","0","0","","","","9","1","1","1","2","66","","","","","3","1"
"Lap Swimming","Swim","","","","2026-03-12","","2300","","","","","0.855037225617303","0.745059928733398","","23","","129","161","","","0.896647120963843","61.64","37","10","4","0","0","0","0","","","","","","","","","","","","","","2","1"
"Strength","Strength","","","","2026-03-12","","0","","","","","0.962086379528046","0","","","","117","189","","","0.631450135253121","42.45","45","3","7","2","0","0","0","","","","","","","","","","","","","","2","1"
"Brick","Run","","0.833333333333333","","2026-03-13","","7408.3798828125","225","340","678.467","","0.838018596172333","2.45600008964539","","172","","137","148","","","0.615140974240036","34.98","42","9","0","0","0","0","0","","","","0","0","0","0","0","50","","","","","3","3"
"Road Cycling","Bike","","","","2026-03-13","","41001.98828125","","","","","1.99746024608612","5.7020001411438","","","","","","","","","","","","","","","","","","","","","","","","","","","","","","",""
"Endurance With 2x20 SweetSpot","Bike","","2.2556666665607","","2026-03-14","","43911.94921875","110","185","893.529","","2.25555562973022","5.40700006484985","","63","","135","154","","","0.726139580626416","118.78","91","43","1","0","0","0","0","","","","6","48","56","25","0","0","","","","","",""
"רכיבת נפח","Bike","אימון נפח","4.5","","2026-03-14","","41001.98828125","","","","","1.99746024608612","5.7020001411438","","","","","","","","","","","","","","","","","","","","","","","","","","","","","","",""
"Run z2","Run","","1","","2026-03-14","","9319.3203125","237","322","854.558","","1.00055730342865","2.58699989318848","","167","","141","164","","","0.687698375943461","52.42","21","36","3","0","0","0","0","","","","0","0","0","0","1","59","","","","","4","1"
"FTP Builder","Bike","","1","","2026-03-15","","20353.609375","115","175","412.56","","1","5.65199995040894","","65","","136","154","","","0.685149835507045","46.75","38","21","0","0","0","0","0","","","","4","19","30","6","1","0","","","","","",""
"Run z2 70min","Run","","1.16666666666667","","2026-03-15","","","","","","","","","","","","","","","","","","","","","","","","","","","","","","","","","","","","","","",""
"Strength","Strength","","","","2026-03-15","","0","","","","","0.788738310337067","0","","","","114","161","","","0.608192666915896","32.12","40","6","1","0","0","0","0","","","","","","","","","","","","","","",""
"Running","Run","","","","2026-03-15","","5461.89013671875","146","381","446.296","","0.847391724586487","1.78999996185303","","115","","131","183","","","0.6658220061035","41.44","30","13","4","2","1","0","0","","","","16","2","1","2","5","24","","","","","1","3"
"Z2 40Min + strides*12","Run","strides are controlled 20–30 second accelerations (about 50–100 meters) reaching 85-95% of maximum effort","1.35","","2026-03-16","","11981.0703125","223","526","1082.75","","1.35034668445587","2.46499991416931","","160","","138","172","","","0.642584762203012","62.22","55","19","3","4","0","0","0","","","","6","1","0","0","1","73","","","","","2","1"
"GCN Strength Ramp Power Indoor Cycling","Bike","75 Minute High Intensity TrainingSeries of low candance intervals.","1.25","","2026-03-17","","26351.470703125","120","237","540.253","","1.25","5.85500001907349","","62","","152","174","","","0.800969891349716","79.58","7","31","23","14","0","0","0","","","","0","40","13","7","12","3","","","","","5","1"
"שחייה באפק בשעה 6:00","Swim","","1","","2026-03-17","","","","","","","","","","","","","","","","","","","","","","","","","","","","","","","","","","","","","","",""
"Mobility","Other","","","","2026-03-17","","0","","","","","1.01352083683014","0","","","","91","126","","","0.553539272772875","34.42","61","0","0","0","0","0","0","","","","","","","","","","","","","","",""
"Z2 - לפי דופק + Z5short fast runs30/30","Run","6+8+10","1.33333333333333","","2026-03-18","","11575.7900390625","215","511","1032.098","","1.33357322216034","2.41100001335144","","158","","148","185","","","0.731794962262092","79.67","32","21","5","11","7","3","0","","","","7","1","0","1","3","68","","","","","3","3"
"שחייה באפק בשעה 6:00","Swim","","1","","2026-03-19","","2200","","","","","0.828808613353305","0.735785953177257","","25","","135","159","","","0.884804189433209","57.41","24","24","2","0","0","0","0","","","","","","","","","","","","","","2","1"
"Townsend","Bike","תיאור: 90 דקות רכיבה אירובית בעצימות של 60-70% מה-FTP. מטרות: שיפור ניצול שומנים ושימור מאגרי סוכר שיפור אספקת החמצן לשרירים וניצולו הגברת עמידות השרירים לעייפות חיזוק רקמות החיבור","1.5","","2026-03-19","","24765.44921875","98","186","528.196","","1.5","4.58500003814697","","70","","134","151","","","0.623707669706064","58.16","65","25","0","0","0","0","0","","","","11","62","17","0","0","0","","","","","1","1"
"Strength","Strength","","","","2026-03-19","","0","","","","","0.876170217990875","0","","","","116","168","","","0.632305102711584","38.67","40","4","6","3","0","0","0","","","","","","","","","","","","","","",""
"שחייה באפק בשעה 6:00","Swim","","1","","2026-03-20","","2375","","","","","0.881350558069017","0.7477959697733","","25","","134","159","","","0.89824265658963","63.87","37","16","1","0","0","0","0","","","","","","","","","","","","","","1","1"
"Brick 90M Z2","Run","","1.5","","2026-03-20","","14459.1298828125","244","611","1320.123","","1.50023329257965","2.67700004577637","","170","","139","159","","","0.624783934807953","65.53","62","26","1","0","0","0","0","","","","0","0","0","0","1","89","","","","","2","1"
"Collywobbles 120 + Sprints","Bike","","2.00000000026491","","2026-03-21","","36768.80078125","104","308","751.453","","2","5.10599994659424","","77","","129","156","","","0.692392591201456","95.68","96","23","0","0","0","0","0","","","","19","49","44","6","0","1","","","","","","1"
"Bald","Bike","Achievable • Endurance 3.1 בטריינר זה 60 דקות עבודה אירובית קלה שנעה בין 65 ל70 אחוז מהסחח.","1","","2026-03-22","","17790.279296875","104","162","372.867","","1","4.94000005722046","","76","","133","147","","","0.656313929916725","42.72","53","7","0","0","0","0","0","","","","3","35","22","0","0","0","","","","","","1"
"Strength","Strength","","","","2026-03-22","","0","","","","","0.644052803516388","0","","","","127","173","","","0.672649693506173","31.92","24","5","4","6","0","0","0","","","","","","","","","","","","","","",""
"Z2 - לפי דופק","Run","","1.33333333333333","","2026-03-23","","12282.6298828125","235","437","1126.964","","1.3332085609436","2.55900001525879","","169","","137","155","","","0.636704267604522","60.27","45","34","1","0","0","0","0","","","","0","0","0","0","1","79","","","","","2","1"
"שחייה","Swim","","1","","2026-03-23","","2250","","","","","0.824838057623969","0.755287009063444","","26","","131","167","","","0.909269393025404","62.01","32","11","5","2","0","0","0","","","","","","","","","","","","","","2","1"
"שחייה סבולת מהירות","Swim","400 חימום 8X50 תרגילי טכניקה מרכזי X8 100 Z3 מנוחה 25 שניות 200 Z1 מנוחה 15 שניות + פולי 500 כפות ופולי Z1-2 100 שחרור","1","3600","2026-03-24","","","","","","","","","","","","","","","","","","","","","","","","","","","","","","","","","","","","","","",""
"Adventure Seeker #2","Bike","A long endurance ride focused on exploration riding new routes and enjoying the adventure often with less emphasis on strict power targets.","1.00555555555556","","2026-03-24","","16777.69921875","103","160","374.43","","1.00555551052094","4.63299989700317","","70","","126","145","","","0.667214153938226","44.51","58","3","0","0","0","0","0","","","","11","16","32","1","0","0","","","","","",""
"Z2 - לפי דופק","Run","","1.33333333333333","","2026-03-25","","","","","","","","","","","","","","","","","","","","","","","","","","","","","","","","","","","","","","",""
"Bashful -1 - 50% + Z2","Bike","Stretch • VO2 Max 3.7","1","","2026-03-26","","16956.19921875","105","315","378.056","","1","4.70900011062622","","72","","138","173","","","0.756691337133681","56.76","26","28","2","4","0","0","0","","","","24","23","8","0","2","4","","","","","",""
"Lap Swimming","Swim","","","","2026-03-26","","2700","","","","","0.972498337427775","0.76988879384089","","26","","135","185","","","0.925451453603992","77.08","35","12","11","0","0","0","1","","","","","","","","","","","","","","2","1"
"Strength","Strength","","","","2026-03-26","","0","","","","","0.933162212371826","0","","","","124","176","","","0.653383962549877","44.05","42","2","4","8","1","0","0","","","","","","","","","","","","","","",""
"שחייה 6 בבוקר באפק","Swim","","1","","2026-03-27","","2600","","","","","0.953213893572489","0.756914119359534","","27","","141","159","","","0.909204820146444","71.64","19","28","10","0","0","0","0","","","","","","","","","","","","","","3","1"
"Run z2 95min","Run","","1.58333333333333","","2026-03-27","","14786.419921875","228","325","1298.868","","1.58377230167389","2.59299993515015","","170","","135","156","","","0.609598014614632","65.96","83","12","0","0","0","0","0","","","","0","0","0","0","3","92","","","","","2","5"
"Sucia Island - 30M","Bike","Stretch • Endurance 7.1 עבודה אירובית שנעה בין 60 ל80 אחוז","2.25","","2026-03-28","","35874.890625","114","166","920.953","","2.25","4.42799997329712","","75","","128","147","","","0.724081897113054","117.69","130","5","0","0","0","0","0","","","","11","79","44","0","0","0","","","","","",""
"Active Recovery","Bike","An easy recovery session using low-impact cross-training (e.g. swimming walking) to promote blood flow and active recovery without stressing cycling muscles.","1","","2026-03-29","","16491.44921875","91","164","328.228","","1","4.57999992370605","","70","","122","145","","","0.602689057807831","35.87","60","0","0","0","0","0","0","","","","31","27","2","0","0","0","","","","","",""
"שינויי קצב בסיס Z1-Z2-Z5","Run","","1.33333333333333","","2026-03-30","","11657.58984375","232","531","1116.495","","1.33413219451904","2.42700004577637","","165","","140","167","","","0.660165436450035","64.88","44","26","7","3","0","0","0","","","","0","0","0","4","24","52","","","","","2","1"
"Strength","Strength","","","","2026-03-30","","0","","","","","0.252325564622879","0","","","","99","148","","","0.580550583113187","9.1","15","0","0","0","0","0","0","","","","","","","","","","","","","","",""
"Strength","Strength","","","","2026-03-30","","0","","","","","0.954538285732269","0","","","","120","177","","","0.647839025301804","44.32","43","3","3","7","1","0","0","","","","","","","","","","","","","","",""
"Beech","Bike","Achievable • Endurance 4.1 בטריינר זה 60 דקות של עבודה אירובית שנעה בין 65 ל75 אחוז מהסחח.","1.00016666412354","","2026-03-31","","16677.419921875","115","156","414.763","","1.00027775764465","4.63000011444092","","71","","141","154","","","0.677824477090611","45.48","22","38","0","0","0","0","0","","","","7","47","6","0","0","0","","","","","",""
"שחייה 6 בבוקר באפק","Swim","","1","","2026-03-31","","2450","","","","","0.900406390825907","0.753382533825338","","24","","129","155","","","0.906997856731748","67.18","40","14","0","0","0","0","0","","","","","","","","","","","","","","1","1"
"April power set","Other","1. ג'אינט סטפס 2.סקווט 3. פלאנק רגיל 4.full seat בטן - עליות בטן משכיבה לישיבה 5. בטן אלכסונים אולר כל פם רגל אחרת נפגשת עם יד אחרת 6. single leg side kick - ניאות קטנות","0.266666666666667","","2026-04-01","","","","","","","","","","","","","","","","","","","","","","","","","","","","","","","","","","","","","","",""
"Fartlek 300mt + 75sec rest X8","Run","","1.16888888888889","11266","2026-04-01","","11190.2197265625","245","490","991.073","","1.12308192253113","2.76799988746643","","171","","148","179","","","0.722898581834895","65.2","30","13","8","9","7","0","0","","","","0","0","0","1","11","56","","","","","2","1"
"Collins +1","Bike","Achievable • Endurance 5.7 טריינר זה מתפרש על גבי שעה ורבע של עבודה אירובית עם מקטעים קצרים של ספרינטים לקראת סיום הרכיבה.","1.25016666412354","","2026-04-02","","19972.029296875","117","326","527.099","","1.25027775764465","4.43599987030029","","75","","143","168","","","0.713652755178201","63.03","23","36","15","2","0","0","0","","","","10","59","5","0","0","1","","","","","",""
"Run z2 110min","Run","","1.83333333333333","","2026-04-03","","17500","258","399","1701.812","","1.83459055423737","2.6496981028728","","174","","142","161","","","0.653754110271584","88.21","36","72","3","0","0","0","0","","","","0","0","0","0","4","105","","","","","2","1"
"שחייה אימון נפח אירובי","Swim","400 חימום 400 רק פולי 6X400 Z2-3 מלא מנוחות 40 שניות 100 שחרור","1","3200","2026-04-03","","2975","","","","","0.938806115786235","0.880255118701269","","26","","137","167","","","1.05630614244152","110.65","27","21","7","1","0","0","0","","","","","","","","","","","","","","3","1"
"רכיבת נגש - נפח","Bike","שעה חימום סט מרכזי *4 2 דק 85% 1 דקה 110% 3 דקות 65 % על הסט הזה חוזרים 5 פעמים אחרי הסט 6 דקות זון2 75% על הסידרה הזאת חוזרים 4 פעמים משלימים 3 עד 3.5 שעות בזון2","3.5","","2026-04-04","","81700","","","","","3.31555555555556","6.84483914209115","","","","","","","","","","","","","","","","","","","","","","","","","","","","","","",""
"April power set","Other","סרטון הדגמה https://www.tiktok.com/@dan.kony/video/7487824936149470471?is_from_webapp=1&sender_device=pc https://youtube.com/shorts/PilJwR00njg יוטיוב סט חיזוקים לחודש אפריל תרגילים 1. לאנץ + הרמת עקב ברגל הקידמית 2. סקווט ולאנץ לסירוגין 3. פלאנק על הצד על ניאות אגן 4. בטן - עליות קטנות נישארים רק למעלה 5. בטן אופניים 6. בריג' רחוק עקבים על הריצפה","0.266666666666667","","2026-04-06","","","","","","","","","","","","","","","","","","","","","","","","","","","","","","","","","","","","","","",""
"Andrews","Bike","TrainerRoad - Andrews Achievable • Endurance 5.4 אנדרוס זה טריינר אירובי של 90 דקות הנע בין 65-75 אחוז מהסח""ח.","1.50016666412354","","2026-04-07","","22469.05078125","119","197","640.275","","1.50027775764465","4.15899991989136","","71","","139","150","","","0.694379067016001","71.87","45","45","0","0","0","0","0","","","","7","75","8","0","0","0","","","","","",""
"שינויי קצב בסיס Z1-Z2-Z5 X10","Run","","1.36666666666667","","2026-04-07","","12030.240234375","226","444","1114.745","","1.36784696578979","2.44300007820129","","168","","145","175","","","0.695991455648994","73.96","31","31","11","9","0","0","0","","","","0","0","0","6","35","41","","","","","3","5"
"Strength","Strength","","","","2026-04-07","","0","","","","","0.846524477005005","0","","","","126","177","","","0.637990007512992","38","39","7","4","0","0","0","0","","","","","","","","","","","","","","",""
"ריצה ארוכה","Run","ריצה ארוכה ורציפה באזור Z2, הגברת סבולת בסיסית","1.75","","2026-04-08","","14402.91015625","235","1002","1482.77","","1.7503969669342","2.28600001335144","","174","","144","159","","","0.679534873043682","90.79","13","88","4","0","0","0","0","","","","0","1","10","4","4","87","","","","","3","3"
"Running","Run","","","","2026-04-08","","5135.89990234375","152","449","446.887","","0.814566910266876","1.75100004673004","","113","","123","158","","","0.6230808448812","34.86","39","7","2","0","0","0","0","","","","19","2","0","3","6","20","","","","","1","1"
"שחייה 6 בבוקר באפק","Swim","","1","","2026-04-09","","2225","","","","","0.827616114086575","0.744645247657296","","24","","121","153","","","0.896148170683253","59.56","44","5","0","0","0","0","0","","","","","","","","","","","","","","1","3"
"שחייה בכנרת","Swim","","0.666666666666667","","2026-04-10","","1235.35998535156","","","","","0.57448023557663","0.597000002861023","","27","","146","157","","","0.716798657782416","21.16","3","26","5","0","0","0","0","","","","","","","","","","","","","","4","3"
"רכיבה","Bike","60 דקות חימום סט מרכזי X10 4 קל 3 חזק 2 קל 1 חזק 20 דקות קל","3","","2026-04-10","","84034.0390625","","","","","3.36768579483032","6.93100023269653","","","","142","163","","","0.660548222508865","167.78","100","67","34","0","0","0","0","","","","","","","","","","","","","","",""
"Run z1 60min","Run","","1","","2026-04-10","","15394.599609375","225","417","812.329","","1.00074028968811","4.27299976348877","","168","","140","151","","","0.643664514622825","45.94","28","32","0","0","0","0","0","","","","0","0","0","3","16","40","","","","","4","1"
"רכיבת נפח קבוצתית","Bike","","3.5","","2026-04-11","","84677.609375","","","","","4.00439023971558","5.87400007247925","","","","132","159","","","0.640855664345593","188.62","145","71","25","0","0","0","0","","","","","","","","","","","","","","",""
"Strength","Strength","","","","2026-04-12","","0","","","","","0.834892809391022","0","","","","106","154","","","0.56133235837661","29.02","49","1","0","0","0","0","0","","","","","","","","","","","","","","",""
"Lap Swimming","Swim","","","","2026-04-12","","2125","","","","","0.817961390813192","0.720338983050847","","22","","120","142","","","0.865974043871594","53.12","49","1","0","0","0","0","0","","","","","","","","","","","","","","3","7"
"שינויי קצב בסיס Z1-Z2-Z5 X10","Run","","1.36666666666667","","2026-04-13","","10823","234","3108","1159.166","","1.36695921421051","2.19899988174438","","164","","140","181","","","0.656105408918458","65.68","48","25","7","2","0","0","0","","","","0","0","2","8","21","51","","","","","2","1"
"שחייה בוקר אפק","Swim","","1","","2026-04-14","","2600","","","","","0.982983892228868","0.733220530174845","","23","","134","171","","","0.88166924556774","67.37","40","13","5","2","0","0","0","","","","","","","","","","","","","","2","1"
"Black","Bike","TrainerRoad - Black Achievable • Endurance 4.3 בלאק זה שעה של אירובי שנע בין 50-80 אחוז מהסח""ח.","1","","2026-04-14","","15055.830078125","114","182","411.508","","1","4.18300008773804","","70","","141","159","","","0.679634113783751","45.98","19","38","3","0","0","0","0","","","","8","45","7","0","0","0","","","","","",""
"Carillon","Bike","TrainerRoad - Carillon Productive • Sweet Spot 4.4 קרילון מורכב משתי סטים של 10 דקות עבודה, פעמיים. כל העבודה בין 88 ל95 אחוז מהסח""ח. התאוששות של דקה בין אינטרוולים ו5 דקות בין סטים.","1","","2026-04-15","","15119.75","130","223","467.54","","1","4.19899988174438","","59","","146","166","","","0.816037820696458","65.97","17","10","29","4","0","0","0","","","","16","3","26","14","0","0","","","","","",""
"Brick","Run","","0.5","","2026-04-15","","4575.14990234375","249","310","449.11","","0.500722765922546","2.53800010681152","","164","","140","155","","","0.65823588976219","23.63","15","14","1","0","0","0","0","","","","0","0","0","0","1","29","","","","","2","1"
"שחייה בוקר אפק","Swim","","1","","2026-04-16","","2500","","","","","0.948273612658183","0.730353491089687","","24","","135","178","","","0.87878996337075","64.36","36","13","4","3","1","0","0","","","","","","","","","","","","","","3","1"
"Strength","Strength","","","","2026-04-16","","0","","","","","0.790433347225189","0","","","","109","160","","","0.595918765218938","30.91","42","5","1","0","0","0","0","","","","","","","","","","","","","","",""
"Holt Hill -2 + 60 ENDU","Bike","Productive • Tempo 2.6 בטריינר זה עובדים בטמפו של 50 דקות באינטרוולים שנעים בין 70 ל80 אחוז מהסחח. 3 דקות התאוששות פעילה בין כל אינטרוול.","2","","2026-04-17","","25413.890625","120","178","866.107","","2","3.52900004386902","","65","","137","149","","","0.709653302821576","100.5","77","43","0","0","0","0","0","","","","17","71","31","0","0","0","","","","","",""
"מנוחהה","Day Off","","","","2026-04-18","","","","","","","","","","","","","","","","","","","","","","","","","","","","","","","","","","","","","","",""
"Sukaisan","Bike","Duration: 71 min I","1.18333333333333","","2026-04-19","","17777.279296875","132","210","563.877","","1.18333327770233","4.17199993133545","","69","","140","157","","","0.800483949395559","75.05","24","42","5","0","0","0","0","","","","12","8","46","5","0","0","","","","","",""
"Strength","Strength","","","","2026-04-19","","0","","","","","0.817392528057098","0","","","","112","166","","","0.605615363748957","33.04","41","6","2","0","0","0","0","","","","","","","","","","","","","","",""
"Lap Swimming","Swim","","","","2026-04-19","","2075","","","","","0.753786113527086","0.762307127112417","","24","","126","163","","","0.917590088560066","58.24","39","5","1","0","0","0","0","","","","","","","","","","","","","","3","1"
"TR_Myrtle","Bike","Myrtleis 80 total minutes of Tempo work broken into 9 and a half minute segments ranging from 70-80% FTP.GoalsTempo rides are the height of aerobic endurance and while rather uncomfortable they arent too stressful to keep you from spending pretty long durations at a productive work level that isnt too demanding in terms of recovery.This is where many ultra-distance triathletes will live for hours at a time. This is also where a lot of time is spent during any long road ride. If applicable useportions or entireties of these intervals to work on riding in your aerodynamic position without sacrificing power.There is no scheduled rest during this workout but brief occasional backpedal breaks are encouraged if theyre the difference between loss of form and a high-quality workout.Try to do so with a cadence above 85rpm preferably above 90rpm.","1.5","","2026-04-20","","24607.30078125","109","161","588.481","","1.5","4.55600023269653","","70","","126","144","","","0.650747232632588","63.42","89","1","0","0","0","0","0","","","","35","51","4","0","0","0","","","","","",""
"Avalanche Spire +1","Bike","","1.25","","2026-04-21","","17100","128","239","575.75","","1.25","3.80100011825562","","67","","147","169","","","0.84983435126702","89.68","27","11","15","21","0","0","0","","","","26","7","9","28","5","0","","","","","",""
"ריצת Z2","Run","ריצה רציפה בקצב נוח ובאזור דופק Z2","1.33333333333333","","2026-04-22","","13156.26953125","249","401","1196.999","","1.33346855640411","2.7409999370575","","170","","142","154","","","0.655465952912282","63.9","23","56","0","0","0","0","0","","","","0","0","0","0","0","80","","","","","2","1"
"April power set","Other","סרטון הדגמה https://www.tiktok.com/@dan.kony/video/7487824936149470471?is_from_webapp=1&sender_device=pc https://youtube.com/shorts/PilJwR00njg יוטיוב סט חיזוקים לחודש אפריל תרגילים 1. לאנץ + הרמת עקב ברגל הקידמית 2. סקווט ולאנץ לסירוגין 3. פלאנק על הצד על ניאות אגן 4. בטן - עליות קטנות נישארים רק למעלה 5. בטן אופניים 6. בריג' רחוק עקבים על הריצפה","0.266666666666667","","2026-04-23","","","","","","","","","","","","","","","","","","","","","","","","","","","","","","","","","","","","","","",""
"שחייה - אימון ים","Swim","","0.666666666666667","2000","2026-04-23","","1789.31994628906","","","","","0.778062224388123","0.638999998569489","","27","","114","128","","","0.766571057431045","35.05","47","0","0","0","0","0","0","","","","","","","","","","","","","","3","1"
"Z2 - לפי דופק","Run","","1.5","","2026-04-24","","13938.66015625","234","372","1266.991","","1.50043392181396","2.57999992370605","","169","","133","148","","","0.607851768191026","62.03","78","12","0","0","0","0","0","","","","0","0","0","2","10","78","","","","","3","1"
"April power set","Other","סרטון הדגמה https://www.tiktok.com/@dan.kony/video/7487824936149470471?is_from_webapp=1&sender_device=pc https://youtube.com/shorts/PilJwR00njg יוטיוב סט חיזוקים לחודש אפריל תרגילים 1. לאנץ + הרמת עקב ברגל הקידמית 2. סקווט ולאנץ לסירוגין 3. פלאנק על הצד על ניאות אגן 4. בטן - עליות קטנות נישארים רק למעלה 5. בטן אופניים 6. בריג' רחוק עקבים על הריצפה","0.266666666666667","","2026-04-25","","","","","","","","","","","","","","","","","","","","","","","","","","","","","","","","","","","","","","",""
"שחייה - אימון ים","Swim","","0.666666666666667","2000","2026-04-25","","1902.7900390625","","","","","0.794956147670746","0.665000021457672","","28","","135","155","","","0.79785954006719","40.38","29","19","0","0","0","0","0","","","","","","","","","","","","","","3","1"
"שחייה בערב","Swim","","1","","2026-04-26","","2050","","","","","0.748055555555555","0.761232825844783","","26","","137","176","","","0.973981890024608","52.18","22","4","4","4","0","0","0","","","","","","","","","","","","","","3","1"
"Strength","Strength","","","","2026-04-26","","0","","","","","0.796224176883698","0","","","","121","172","","","0.634605308908376","35.32","38","4","4","2","0","0","0","","","","","","","","","","","","","","",""
"ריצת בוקר קלה","Run","ריצה קלה באזור דופק Z1 בהתחלה ועליה ל-Z2","1.33333333333333","","2026-04-27","","13000","261","877","1251.422","","1.33373463153839","2.70751844161525","","172","","145","159","","","0.696432466535745","72.17","9","64","7","0","0","0","0","","","","0","0","0","0","3","77","","","","","2","1"
"Collins","Bike","Collins Achievable • Endurance 4.8 קולינס זה טריינר של שעה ורבע שנוגע לעבודה אירובית באיזור 65-75 אחוז מהסח""ח.","1.25","","2026-04-28","","17948.859375","115","168","517.458","","1.25","3.98799991607666","","68","","137","151","","","0.675096297938707","56.7","40","35","0","0","0","0","0","","","","9","62","4","0","0","0","","","","","",""
"Fartlek 300mt + 75sec rest X12","Run","","1.35","13258","2026-04-29","","8556.6904296875","237","484","1174.439","","1.37851643562317","1.72399997711182","","167","","141","175","","","0.676947617314437","70.52","53","10","7","12","2","0","0","","","","0","0","1","9","31","41","","","","","3","1"
"Other","Other","","","","2026-04-29","","169727.109375","","","","","1.44972222222222","34.9304608715785","","83","","141","175","","","0.678624555182057","69.38","51","10","7","12","2","0","0","","","","","","","","","","","","","","",""
"Running","Run","","","","2026-04-29","","8556.68","233","484","1188.509","","1.37851638888889","1.6395248131826","","83","","142","175","","","0.681278390935056","75.24","53","10","10","12","2","0","0","","","","1","1","2","10","31","42","","","","","",""
"שחייה 5:15 / 6:15 בבוקר","Swim","","1","","2026-04-30","","2575","","","","","0.940429722468058","0.758915414087828","","25","","132","172","","","0.912703323626064","71.5","39","10","5","2","0","0","0","","","","","","","","","","","","","","3","1"
"Holt Hill -2","Bike","Productive • Tempo 2.6 בטריינר זה עובדים בטמפו של 50 דקות באינטרוולים שנעים בין 70 ל80 אחוז מהסחח. 3 דקות התאוששות פעילה בין כל אינטרוול.","1","","2026-04-30","","14899.830078125","120","160","430.558","","1","4.13800001144409","","71","","145","158","","","0.70785038840711","49.52","12","42","6","0","0","0","0","","","","8","38","15","0","0","0","","","","","",""
"שחייה 6 בבוקר","Swim","","1","","2026-05-01","","2200","","","","","0.821030559009976","0.742240215924426","","25","","128","160","","","0.893186404922138","58.5","39","8","2","0","0","0","0","","","","","","","","","","","","","","4","5"
"ריצה ארוכה - נפח","Run","ריצה ארוכה ורציפה באזור Z2, סבולת בסיסית","2.08333333333333","","2026-05-01","","19019.4609375","231","353","1733.267","","2.08434295654297","2.53500008583069","","168","","141","157","","","0.637623506552757","95.61","63","61","1","0","0","0","0","","","","0","0","0","2","18","105","","","","","3","1"
"רכיבת נפח קבוצתית","Bike","","4","","2026-05-02","","32449.890625","","","","","26.8589630126953","0.335999995470047","","","","94","160","","","0.459605636842804","682.41","1595","13","4","0","0","0","0","","","","","","","","","","","","","","",""
"שחייה בערב","Swim","","1","","2026-05-03","","","","","","","","","","","","","","","","","","","","","","","","","","","","","","","","","","","","","","",""
"Walking","Walk","","","","2026-05-11","","3185.60009765625","","","","","1.0463011264801","0.846000015735626","","52","","85","112","","","0.257202913136948","7.68","63","0","0","0","0","0","0","","","","","","","","","","","","","","",""
"Walking","Walk","","","","2026-05-18","","47.4199981689453","","","","","1.21704649925232","0.0109999999403954","","94","","94","136","","","0.445418227373779","26.88","73","0","0","0","0","0","0","","","","","","","","","","","","","","",""
"Walking","Walk","","","","2026-05-20","","5737.4599609375","","","","","0.920612514019012","1.73099994659424","","102","","119","137","","","0.53598078544079","29.24","55","0","0","0","0","0","0","","","","","","","","","","","","","","",""
"Walking","Walk","","","","2026-05-22","","7000.56005859375","","","","","1.56851363182068","1.24000000953674","","63","","108","138","","","0.391321735870323","26.91","94","0","0","0","0","0","0","","","","","","","","","","","","","","",""
"Walking","Walk","","","","2026-05-24","","3210.65991210938","","","","","1.28228771686554","0.695999979972839","","109","","89","115","","","0.349818000966517","17.49","77","0","0","0","0","0","0","","","","","","","","","","","","","","",""
"Strength","Strength","","","","2026-05-26","","0","","","","","0.256239712238312","0","","","","84","127","","","0.550661445861964","8.32","15","0","0","0","0","0","0","","","","","","","","","","","","","","",""
"Taku - TrainerRoad","Bike","","","","2026-05-28","","6842.830078125","73","123","130.524","","0.5","3.79900002479553","","59","","0","0","","","0.427270708879992","8.99","","","","","","","","","","","30","0","0","0","0","0","","","","","",""
"Walking","Walk","","","","2026-05-29","","4845.52978515625","","","","","0.837391078472137","1.60699999332428","","84","","111","133","","","0.491182857974997","22.28","50","0","0","0","0","0","0","","","","","","","","","","","","","","",""
"Lazy Mountain - TrainerRoad","Bike","","","","2026-05-30","","13776.5302734375","83","114","300.416","","1","3.82599997520447","","60","","129","146","","","0.490644933550254","23.91","57","3","0","0","0","0","0","","","","55","5","0","0","0","0","","","","","",""
"Pettit -1 - TrainerRoad","Bike","","","","2026-05-31","","13752.3603515625","88","132","317.651","","1","3.81900000572205","","65","","154","171","","","0.521111296759868","26.89","11","10","12","27","0","0","0","","","","45","15","0","0","0","0","","","","","",""
"Walking","Walk","","","","2026-05-31","","4108.0498046875","","","","","0.916168093681335","1.24600005149841","","99","","119","155","","","0.413432247605402","17.31","52","3","0","0","0","0","0","","","","","","","","","","","","","","",""
"Monitor +2 - TrainerRoad","Bike","","","","2026-06-01","","15153.4697265625","82","144","370.455","","1.25","3.36700010299683","","63","","148","166","","","0.52231241016882","33.75","18","20","32","6","0","0","0","","","","41","34","0","0","0","0","","","","","",""
"Echo -5 - TrainerRoad","Bike","","","","2026-06-02","","10832.7802734375","75","146","269.974","","1","3.00799989700317","","56","","143","160","","","0.452309082662349","20.23","17","33","10","0","0","0","0","","","","59","1","0","0","0","0","","","","","",""
"Running","Run","","","","2026-06-03","","4413.22998046875","117","397","364.52","","0.862456381320953","1.4210000038147","","97","","131","170","","","0.657613578907453","41.15","34","10","7","1","0","0","0","","","","22","2","1","6","11","9","","","","","4","1"
"Townsend - TrainerRoad","Bike","","","","2026-06-06","","20438.419921875","85","155","460.133","","1.5","3.78399991989136","","71","","149","167","","","0.507443302714192","38.51","17","25","35","12","0","0","0","","","","71","19","0","0","0","0","","","","","",""
"Mount Field - TrainerRoad","Bike","","","","2026-06-07","","13150.7802734375","113","205","408.47","","1","3.65199995040894","","62","","161","179","","","0.70855845395592","49.97","5","9","9","25","12","0","0","","","","18","18","23","1","0","0","","","","","",""
"Beech - TrainerRoad","Bike","","","","2026-06-08","","13698.8095703125","95","160","340.647","","1","3.80399990081787","","71","","154","172","","","0.556044614709579","30.61","10","8","19","24","0","0","0","","","","33","27","0","0","0","0","","","","","",""
"Leavitt -3 - TrainerRoad","Bike","","","","2026-06-09","","21205.580078125","95","162","341.815","","1","5.88899993896484","","59","","159","177","","","0.584479079180703","33.85","5","8","15","26","6","0","0","","","","27","31","2","0","0","0","","","","","",""
"Lap Swimming","Swim","","","","2026-06-10","","1100","","","","","0.485608334011502","0.627137970353478","","20","","103","141","","","0.755066667900271","20.9","29","0","0","0","0","0","0","","","","","","","","","","","","","","10","9"
"Running","Run","","","","2026-06-10","","4848.8798828125","154","424","426.816","","0.76972222328186","1.75","","115","","138","185","","","0.69522816722817","40.94","27","8","4","3","2","2","0","","","","16","2","1","1","11","14","","","","","5","3"
"Abraham - TrainerRoad","Bike","","","","2026-06-11","","14746.3095703125","96","199","346.832","","1","4.09499979019165","","64","","146","175","","","0.648675488536622","41.66","21","20","6","11","1","0","0","","","","40","7","8","5","0","0","","","","","",""
"Running","Run","","","","2026-06-12","","8158.75","221","380","763.067","","0.960071384906769","2.36100006103516","","163","","153","180","","","0.763398312644106","61.91","5","29","8","9","4","2","0","","","","1","0","0","3","19","34","","","","","4","1"
"Klahane Ridge - TrainerRoad","Bike","","","","2026-06-12","","30432.640625","98","172","706.616","","2","4.22599983215332","","66","","153","167","","","0.575003720619398","65.54","13","30","51","26","0","0","0","","","","52","68","0","0","0","0","","","","","",""
"Sloan -2 - TrainerRoad","Bike","","","","2026-06-15","","11646","110","172","396.39","","1","3.23399996757507","","66","","144","165","","","0.668300224672566","44.45","19","22","16","3","0","0","0","","","","14","36","10","0","0","0","","","","","",""
"Thunder - TrainerRoad","Bike","","","","2026-06-18","","13406.5","95","169","226.317","","0.66055554151535","5.63500022888184","","59","","152","177","","","0.614542788409145","24.57","7","10","7","10","5","0","0","","","","19","16","4","0","0","0","","","","","",""
"Lap Swimming","Swim","","","","2026-06-19","","1625","","","","","0.66849111451043","0.674553756745538","","22","","124","155","","","0.810282522697937","35.56","36","4","0","0","0","0","0","","","","","","","","","","","","","","4","7"
"Lap Swimming","Swim","","","","2026-06-22","","2525","","","","","0.919576946894328","0.761230027132952","","24","","122","163","","","0.915275953262219","70.51","50","5","0","0","0","0","0","","","","","","","","","","","","","","3","1"
"Andrews +1 - TrainerRoad","Bike","","","","2026-06-23","","20563.44921875","103","292","557.275","","1.5","3.80699992179871","","70","","138","161","","","0.623787499221808","58.1","55","33","3","0","0","0","0","","","","27","62","0","0","0","1","","","","","",""
"Lap Swimming","Swim","","","","2026-06-24","","3000","","","","","1.05572138468424","0.788229111928534","","25","","128","164","","","0.947219611639381","89.72","50","11","2","0","0","0","0","","","","","","","","","","","","","","3","1"
"Running","Run","","","","2026-06-26","","12019.0302734375","223","311","1117.602","","1.39343643188477","2.39599990844727","","166","","155","166","","","0.774535346142211","93.4","2","18","60","3","0","0","0","","","","0","0","0","0","18","64","","","","","4","5"
"Lap Swimming","Swim","","","","2026-06-26","","2000","","","","","0.793895835876465","0.698812019566737","","23","","124","156","","","0.839740727359608","47.01","41","7","0","0","0","0","0","","","","","","","","","","","","","","2","1"
"ריצת קלה","Run","ריצה קלה מאוד .","0.666666666666667","","2026-06-28","","4963.8798828125","189","279","454.713","","0.667009115219116","2.06699991226196","","160","","129","149","","","0.606685030411616","26.91","39","1","0","0","0","0","0","","","","0","0","2","13","19","5","","","","","4","7"
"Open Water Swimming","Swim","","","","2026-06-28","","1214.73999023438","","","","","0.770943582057953","0.437999993562698","","19","","87","124","","","0.525217849271475","11.17","46","0","0","0","0","0","0","","","","","","","","","","","","","","3","1"
"Swim Specific Endurance","Swim","Confidence for longer continuous swimming.","1.37722222222222","","2026-06-29","","2000","","","","","0.766688893106249","0.722804481387785","","26","","132","162","","","0.869540008549829","50.41","36","9","1","0","0","0","0","","","","","","","","","","","","","","2","1"
"Recover Ready Ride","Bike","Ride in heart rate zones 1-2, but mostly 1 zone. Flat course or indoor trainer. Low effort--light on pedals. Comfortably high rpm.","1","","2026-06-30","","23813.599609375","79","129","287.167","","1.00394916534424","6.58900022506714","","77","","137","150","","","0.46532011793517","21.72","47","13","0","0","0","0","0","","","","58","2","0","0","0","0","","","","","",""
"Brick","Run","","0.25","","2026-06-30","","2186.52001953125","239","367","215.924","","0.250054180622101","2.42899990081787","","163","","138","150","","","0.65323103944857","11.42","8","7","0","0","0","0","0","","","","0","0","0","0","3","12","","","","","1","1"
"Run z1 40min","Run","","0.666666666666667","","2026-07-01","","6467.2900390625","199","314","598.539","","0.833607494831085","2.15499997138977","","162","","139","156","","","0.644588533354556","38.2","26","23","0","0","0","0","0","","","","0","0","0","0","10","40","","","","","2","1"
"Swim Race Rhythm 2","Swim","Hold form under moderate fatigue.","0.875555555555556","","2026-07-02","","2400","","","","","0.9284036148919","0.715990453460621","","24","","130","161","","","0.861694189001137","59.4","45","10","1","0","0","0","0","","","","","","","","","","","","","","2","1"
"Cheaha","Bike","Achievable • Endurance 4.3 בטריינר הזה המטרה היא עבודה אירובית שנעה ב70 אחוז מהסח""ח. בנוסף נכללים 3 סטים של 20 שניות של ספרינט כדי לחזק כוח מתפרץ.","1","","2026-07-02","","13744.8896484375","107","291","383.841","","1","3.81699991226196","","65","","148","168","","","0.742420046921547","54.5","10","24","25","1","0","0","0","","","","9","40","10","0","0","1","","","","","",""
"Brick","Run","","0.416666666666667","","2026-07-02","","3577.96997070313","231","385","347.46","","0.417007774114609","2.38299989700317","","163","","146","163","","","0.712051453643028","22.91","5","17","3","1","0","0","0","","","","0","0","0","0","1","24","","","","","2","3"
"Swim Specific Endurance","Swim","Confidence for longer continuous swimming.","0.964444444444444","","2026-07-03","","2000","","","","","0.779025558895535","0.711743772241993","","25","","134","159","","","0.855769953956112","48.82","26","20","1","0","0","0","0","","","","","","","","","","","","","","3","3"
"Trainer Specific Progression","Bike","Sturdy threshold support.","1.63333333333333","","2026-07-04","","20083.890625","115","179","675.674","","1.63333332538605","3.41499996185303","","61","","154","170","","","0.810455824047841","107.13","14","20","19","45","0","0","0","","","","18","22","35","23","0","0","","","","","",""
"Brick","Run","","0.5","","2026-07-04","","","","","","","","","","","","","","","","","","","","","","","","","","","","","","","","","","","","","","",""
"שחייה - עצימות מתגברת","Swim","אימון שחייה עם סטים מתגברים בעצימותם, לשיפור תחושת קצב והתמודדות עם עייפות.","1.06722222222222","","2026-07-05","שמרו על טכניקה טובה גם בקטעים המהירים.","2100","","","","","0.832631114323934","0.699766744418527","","25","","136","160","","","0.840708433732235","49.48","32","16","3","0","0","0","0","","","","","","","","","","","","","","3","1"
"Running","Run","","","","2026-07-05","","917.599975585938","312","446","87.061","","0.0772663876414299","3.29900002479553","","165","","176","185","","","1.02346746631835","8.4","0","0","0","0","1","2","1","","","","0","0","0","0","0","4","","","","","2","3"
"Run z2 60min","Run","","1","","2026-07-06","","8815.650390625","160","440","576.774","","1.00124502182007","2.44600009918213","","165","","146","161","","","0.715414741253058","56.75","17","24","19","0","0","0","0","","","","5","19","7","8","6","15","","","","","2","1"
"Trainer Tempo Intervals","Bike","Interval training on the trainer to improve threshold power and cycling efficiency.","0.966666666666667","","2026-07-07","Maintain high cadence (85-95 RPM) during Z3 intervals.","12132.5595703125","110","176","384.296","","0.966111123561859","3.48699998855591","","72","","141","158","","","0.716546112068781","49.34","27","24","7","0","0","0","0","","","","11","25","22","0","0","0","","","","","",""
"ריצת טמפו קצרה","Run","ריצת טמפו במצב קבוע, לימוד עבודה ב-Z3-Z4 והתפתחות אירובית.","1","","2026-07-08","שמור על דופק יציב בסט המרכזי.","9535.330078125","203","1292","730.482","","1.00010645389557","2.64800000190735","","167","","160","182","","","0.815614977058975","73.67","6","11","8","28","7","1","0","","","","12","14","6","4","3","20","","","","","3","1"
"שחייה - סיבולת","Swim","אימון שחייה לשיפור סיבולת כללית. ללא קפיצות דופק חדות.","1.21638888888889","","2026-07-09","שמור על קדנס אחיד ודופק קבוע במהלך הסטים.","2550","","","","","0.96433250480228","0.733179988499137","","24","","121","162","","","0.881438710991369","66.04","51","6","1","0","0","0","0","","","","","","","","","","","","","","3","1"
"רכיבה עצמאית לבנטת בטחון","Bike","","1.5","","2026-07-09","","15794.66015625","","","","","0.874155521392822","5.01900005340576","","","","128","180","","","0.661427607649273","42.22","41","2","2","5","3","0","0","","","","","","","","","","","","","","1","1"
"Holt Hill -2 +30M","Bike","Productive • Tempo 2.6 בטריינר זה עובדים בטמפו של 50 דקות באינטרוולים שנעים בין 70 ל80 אחוז מהסחח. 3 דקות התאוששות פעילה בין כל אינטרוול.","1.5","","2026-07-10","","18503.19921875","111","186","600.911","","1.5","3.42600011825562","","65","","145","166","","","0.71057371791457","75.53","21","51","16","1","0","0","0","","","","13","54","23","0","0","0","","","","","",""
"ריצה אחרי הרכיבה","Run","","1.16666666666667","","2026-07-10","","10391.5595703125","325","1258","1363.442","","1.16706395149231","2.47300004959106","","166","","152","163","","","0.751033107498504","73.18","5","27","38","0","0","0","0","","","","0","1","2","5","5","58","","","","","3","3"
"Long Endurance Ride","Bike","רכיבה ארוכה לבניית בסיס אירובי חזק. שמירה על קצב יציב וקל.","3","","2026-07-11","","","","","","","3","","","","","","","","","0.627228029967442","117.28","","","","","","","","","","","","","","","","","","","","","5","7"
"Running","Run","","","","2026-07-11","","5104.56005859375","366","1026","698.527","","0.52935779094696","2.67899990081787","","173","","164","177","","","0.838095435777714","40.53","2","2","5","19","4","0","0","","","","2","1","1","1","2","25","","","","","4","1"
"Road Cycling","Bike","","","","2026-07-11","","50347.23046875","","","","","3.22423553466797","4.33799982070923","","","","141","178","","","0.700599054147252","180.55","87","37","33","32","4","0","0","","","","","","","","","","","","","","",""
"שחייה ערב","Swim","","1","","2026-07-12","","2300","","","","","0.817172222137451","0.780454699694605","","26","","131","158","","","0.938194723091934","67.48","35","12","2","0","0","0","0","","","","","","","","","","","","","","3","1"
"Strength","Strength","","","","2026-07-12","","0","","","","","1.14325559139252","0","","","","104","165","","","0.567196610357015","40.87","65","4","0","0","0","0","0","","","","","","","","","","","","","","",""
"Run z2 70min","Run","","1.16666666666667","","2026-07-13","","10530.5400390625","168","714","705.997","","1.16709530353546","2.50600004196167","","164","","143","167","","","0.6830137657535","60.51","23","39","7","1","0","0","0","","","","16","12","5","6","8","22","","","","","3","7"
"BigGearLowCadenceWithSprints","Bike","Overview:Terrain: A hill that will take at least 5 minutes to climb.Zones: All efforts should be in HRZ4PZ4 aiming for the biggest gear and lowest cadence you can maintain until the final sprints when you should attack it 100%. Why: Develops aerobic endurance strength and ability to produce power at low cadences. Improves your threshold VO2 max and anaerobic capacity. Challenges your functional trunk stability and ability to accelerate quickly.","1.06583333333333","","2026-07-14","","19841.5","113","202","434.96","","1.06666672229767","5.17000007629395","","63","","149","168","","","0.76198698159901","61.51","12","24","17","11","0","0","0","","","","24","13","19","7","1","0","","","","","",""
"Tempo מחולק ל2 קטעים","Run","","1.21666666666667","","2026-07-15","","11691.330078125","150","560","658.105","","1.21715974807739","2.66799998283386","","167","","151","168","","","0.745351028270992","75.28","12","22","27","12","0","0","0","","","","18","14","5","7","10","19","","","","","2","1"
"שחייה 5:15 / 6:15 בבוקר","Swim","","1","","2026-07-16","","2625","","","","","0.919365002844069","0.793119886455303","","25","","131","165","","","0.951743863746363","79.26","38","16","1","0","0","0","0","","","","","","","","","","","","","","2","1"
"רכיבת נג""ש - לרכב שעתיים ברצף קצב קבוע","Bike","","2","","2026-07-17","","28703.91015625","","","","","1.96531558036804","4.05700016021729","","","","153","179","","","0.768927297387755","130.91","30","14","17","51","6","0","0","","","","","","","","","","","","","","",""
"ריצה אחרי הרכיבה","Run","","1.25","","2026-07-17","","10867.9599609375","316","774","1449.547","","1.27395784854889","2.36999988555908","","166","","152","164","","","0.746951381229628","79.21","3","40","32","1","0","0","0","","","","1","3","5","8","6","54","","","","","4","3"
"רכיבת חוץ סבולת","Bike","הגדלה משמעותית בנפח הרכיבה. WU 15min Z1 HR, MS: 100min Z2 HR, CD: 10min Z1 HR","2.09444444444444","","2026-07-18","","62116.12890625","","","","","2.78642416000366","6.19199991226196","","","","143","165","","","0.68153116156185","147.09","48","95","23","1","0","0","0","","","","","","","","","","","","","","",""
"שחייה ערב","Swim","","1","","2026-07-19","","2000","","","","","0.732831667794122","0.755572346052135","","25","","125","165","","","0.909713234245708","55.17","34","6","4","1","0","0","0","","","","","","","","","","","","","","2","1"
"Strength","Strength","","","","2026-07-19","","0","","","","","1.01472222222222","0","","","","101","158","","","0.579204162610751","47.28","70","4","1","0","0","0","0","","","","","","","","","","","","","","",""
"Run z1 80min","Run","","1.33333333333333","","2026-07-20","","11678.740234375","153","611","737.408","","1.33380746841431","2.43199992179871","","164","","140","157","","","0.645632198060225","62.04","34","46","0","0","0","0","0","","","","23","11","7","7","9","24","","","","","2","7"
"בסיס","Strength","תוכנית חיזוקים — בסיס סקוואט אוויר — 30/15 × 4 https://youtu.be/xPtIxrUwnxg מכרעים בולגרים במשקל גוף — 30/15 × 4 https://youtu.be/FkkvpGq_Gcc גשר ישבן עם רצועה — 30/15 × 4 https://youtu.be/eX6mnUv42CQ הרמת עגל מוגבהת במשקל גוף — 30/15 × 4 https://youtu.be/r_yKQwqiOxE שחיין — 30/15 × 4 https://youtu.be/sYq1na-wV2Y מגע כתף בפלאנק גבוה — 30/15 × 4 https://youtu.be/5pdWy6pY2uo","0.295833333333333","","2026-07-21","פלייליסט סרטונים לשבוע 1: https://bio-stride-insight.lovable.app/share/42d2d71e307bc0416850db99493b9139/videos?week=1","","","","","","","","","","","","","","","","","","","","","","","","","","","","","","","","","","","","","",""
"שחייה - אירובי","Swim","חימום, סט מרכזי עם חזרות אירוביות, שחרור.","1.42777777777778","2907","2026-07-21","","","","","","","","","","","","","","","","","","","","","","","","","","","","","","","","","","","","","","",""
